image_file_name,shot_type,stance,bodyweight,ball_hit,ball_land
backhand-close-backward-ad back-ad mid-1088.jpg,backhand,close,backward,ad back,ad mid
backhand-close-backward-ad back-ad mid-1091.jpg,backhand,close,backward,ad back,ad mid
backhand-close-backward-ad back-ad mid-1264.jpg,backhand,close,backward,ad back,ad mid
backhand-close-backward-ad back-ad mid-130.jpg,backhand,close,backward,ad back,ad mid
backhand-close-backward-ad back-ad mid-2034.jpg,backhand,close,backward,ad back,ad mid
backhand-close-backward-ad back-ad mid-2335.jpg,backhand,close,backward,ad back,ad mid
backhand-close-backward-ad back-ad mid-2413.jpg,backhand,close,backward,ad back,ad mid
backhand-close-backward-ad back-ad mid-2462.jpg,backhand,close,backward,ad back,ad mid
backhand-close-backward-ad back-ad mid-247.jpg,backhand,close,backward,ad back,ad mid
backhand-close-backward-ad back-ad mid-252.jpg,backhand,close,backward,ad back,ad mid
backhand-close-backward-ad back-ad mid-3079.jpg,backhand,close,backward,ad back,ad mid
backhand-close-backward-ad back-ad mid-3090.jpg,backhand,close,backward,ad back,ad mid
backhand-close-backward-ad back-ad mid-3151.jpg,backhand,close,backward,ad back,ad mid
backhand-close-backward-ad back-ad mid-3400.jpg,backhand,close,backward,ad back,ad mid
backhand-close-backward-ad back-ad mid-3455.jpg,backhand,close,backward,ad back,ad mid
backhand-close-backward-ad back-ad mid-3809.jpg,backhand,close,backward,ad back,ad mid
backhand-close-backward-ad back-ad mid-4537.jpg,backhand,close,backward,ad back,ad mid
backhand-close-backward-ad back-ad mid-4563.jpg,backhand,close,backward,ad back,ad mid
backhand-close-backward-ad back-ad mid-4643.jpg,backhand,close,backward,ad back,ad mid
backhand-close-backward-ad back-ad mid-4825.jpg,backhand,close,backward,ad back,ad mid
backhand-close-backward-ad back-ad mid-4920.jpg,backhand,close,backward,ad back,ad mid
backhand-close-backward-ad back-ad mid-5165.jpg,backhand,close,backward,ad back,ad mid
backhand-close-backward-ad back-ad mid-5205.jpg,backhand,close,backward,ad back,ad mid
backhand-close-backward-ad back-ad mid-5417.jpg,backhand,close,backward,ad back,ad mid
backhand-close-backward-ad back-ad mid-5493.jpg,backhand,close,backward,ad back,ad mid
backhand-close-backward-ad back-ad mid-5649.jpg,backhand,close,backward,ad back,ad mid
backhand-close-backward-ad back-ad mid-5654.jpg,backhand,close,backward,ad back,ad mid
backhand-close-backward-ad back-ad mid-5663.jpg,backhand,close,backward,ad back,ad mid
backhand-close-backward-ad back-ad mid-5825.jpg,backhand,close,backward,ad back,ad mid
backhand-close-backward-ad back-ad mid-5846.jpg,backhand,close,backward,ad back,ad mid
backhand-close-backward-ad back-ad mid-5878.jpg,backhand,close,backward,ad back,ad mid
backhand-close-backward-ad back-ad mid-5899.jpg,backhand,close,backward,ad back,ad mid
backhand-close-backward-ad back-ad mid-5923.jpg,backhand,close,backward,ad back,ad mid
backhand-close-backward-ad back-ad mid-6253.jpg,backhand,close,backward,ad back,ad mid
backhand-close-backward-ad back-ad mid-6263.jpg,backhand,close,backward,ad back,ad mid
backhand-close-backward-ad back-ad mid-6313.jpg,backhand,close,backward,ad back,ad mid
backhand-close-backward-ad back-ad mid-6603.jpg,backhand,close,backward,ad back,ad mid
backhand-close-backward-ad back-ad mid-6701.jpg,backhand,close,backward,ad back,ad mid
backhand-close-backward-ad back-ad mid-6785.jpg,backhand,close,backward,ad back,ad mid
backhand-close-backward-ad back-ad mid-6894.jpg,backhand,close,backward,ad back,ad mid
backhand-close-backward-ad back-ad mid-724.jpg,backhand,close,backward,ad back,ad mid
backhand-close-backward-ad back-ad mid-7399.jpg,backhand,close,backward,ad back,ad mid
backhand-close-backward-ad back-ad mid-7449.jpg,backhand,close,backward,ad back,ad mid
backhand-close-backward-ad back-ad mid-7463.jpg,backhand,close,backward,ad back,ad mid
backhand-close-backward-ad back-ad mid-7697.jpg,backhand,close,backward,ad back,ad mid
backhand-close-backward-ad back-ad mid-7718.jpg,backhand,close,backward,ad back,ad mid
backhand-close-backward-ad back-ad mid-8029.jpg,backhand,close,backward,ad back,ad mid
backhand-close-backward-ad back-ad mid-8058.jpg,backhand,close,backward,ad back,ad mid
backhand-close-backward-ad back-ad mid-8093.jpg,backhand,close,backward,ad back,ad mid
backhand-close-backward-ad back-ad mid-8323.jpg,backhand,close,backward,ad back,ad mid
backhand-close-backward-ad back-ad mid-834.jpg,backhand,close,backward,ad back,ad mid
backhand-close-backward-ad back-ad mid-8701.jpg,backhand,close,backward,ad back,ad mid
backhand-close-backward-ad back-ad mid-8884.jpg,backhand,close,backward,ad back,ad mid
backhand-close-backward-ad back-ad mid-8891.jpg,backhand,close,backward,ad back,ad mid
backhand-close-backward-ad back-ad mid-935.jpg,backhand,close,backward,ad back,ad mid
backhand-close-backward-ad back-ad mid-9499.jpg,backhand,close,backward,ad back,ad mid
backhand-close-backward-ad back-ad mid-9500.jpg,backhand,close,backward,ad back,ad mid
backhand-close-backward-ad back-ad mid-9563.jpg,backhand,close,backward,ad back,ad mid
backhand-close-backward-ad back-ad mid-9685.jpg,backhand,close,backward,ad back,ad mid
backhand-close-backward-ad back-ad mid-9934.jpg,backhand,close,backward,ad back,ad mid
backhand-close-forward-ad back-ad deep-1162.jpg,backhand,close,forward,ad back,ad deep
backhand-close-forward-ad back-ad deep-1234.jpg,backhand,close,forward,ad back,ad deep
backhand-close-forward-ad back-ad deep-1374.jpg,backhand,close,forward,ad back,ad deep
backhand-close-forward-ad back-ad deep-1636.jpg,backhand,close,forward,ad back,ad deep
backhand-close-forward-ad back-ad deep-164.jpg,backhand,close,forward,ad back,ad deep
backhand-close-forward-ad back-ad deep-1647.jpg,backhand,close,forward,ad back,ad deep
backhand-close-forward-ad back-ad deep-1785.jpg,backhand,close,forward,ad back,ad deep
backhand-close-forward-ad back-ad deep-1814.jpg,backhand,close,forward,ad back,ad deep
backhand-close-forward-ad back-ad deep-1903.jpg,backhand,close,forward,ad back,ad deep
backhand-close-forward-ad back-ad deep-1973.jpg,backhand,close,forward,ad back,ad deep
backhand-close-forward-ad back-ad deep-2055.jpg,backhand,close,forward,ad back,ad deep
backhand-close-forward-ad back-ad deep-2461.jpg,backhand,close,forward,ad back,ad deep
backhand-close-forward-ad back-ad deep-2593.jpg,backhand,close,forward,ad back,ad deep
backhand-close-forward-ad back-ad deep-2635.jpg,backhand,close,forward,ad back,ad deep
backhand-close-forward-ad back-ad deep-2647.jpg,backhand,close,forward,ad back,ad deep
backhand-close-forward-ad back-ad deep-2702.jpg,backhand,close,forward,ad back,ad deep
backhand-close-forward-ad back-ad deep-2905.jpg,backhand,close,forward,ad back,ad deep
backhand-close-forward-ad back-ad deep-3095.jpg,backhand,close,forward,ad back,ad deep
backhand-close-forward-ad back-ad deep-3679.jpg,backhand,close,forward,ad back,ad deep
backhand-close-forward-ad back-ad deep-3868.jpg,backhand,close,forward,ad back,ad deep
backhand-close-forward-ad back-ad deep-3892.jpg,backhand,close,forward,ad back,ad deep
backhand-close-forward-ad back-ad deep-3990.jpg,backhand,close,forward,ad back,ad deep
backhand-close-forward-ad back-ad deep-4072.jpg,backhand,close,forward,ad back,ad deep
backhand-close-forward-ad back-ad deep-4118.jpg,backhand,close,forward,ad back,ad deep
backhand-close-forward-ad back-ad deep-4125.jpg,backhand,close,forward,ad back,ad deep
backhand-close-forward-ad back-ad deep-4226.jpg,backhand,close,forward,ad back,ad deep
backhand-close-forward-ad back-ad deep-4465.jpg,backhand,close,forward,ad back,ad deep
backhand-close-forward-ad back-ad deep-4656.jpg,backhand,close,forward,ad back,ad deep
backhand-close-forward-ad back-ad deep-4682.jpg,backhand,close,forward,ad back,ad deep
backhand-close-forward-ad back-ad deep-4733.jpg,backhand,close,forward,ad back,ad deep
backhand-close-forward-ad back-ad deep-4913.jpg,backhand,close,forward,ad back,ad deep
backhand-close-forward-ad back-ad deep-4964.jpg,backhand,close,forward,ad back,ad deep
backhand-close-forward-ad back-ad deep-5290.jpg,backhand,close,forward,ad back,ad deep
backhand-close-forward-ad back-ad deep-5426.jpg,backhand,close,forward,ad back,ad deep
backhand-close-forward-ad back-ad deep-5499.jpg,backhand,close,forward,ad back,ad deep
backhand-close-forward-ad back-ad deep-554.jpg,backhand,close,forward,ad back,ad deep
backhand-close-forward-ad back-ad deep-5656.jpg,backhand,close,forward,ad back,ad deep
backhand-close-forward-ad back-ad deep-5676.jpg,backhand,close,forward,ad back,ad deep
backhand-close-forward-ad back-ad deep-5734.jpg,backhand,close,forward,ad back,ad deep
backhand-close-forward-ad back-ad deep-5744.jpg,backhand,close,forward,ad back,ad deep
backhand-close-forward-ad back-ad deep-5796.jpg,backhand,close,forward,ad back,ad deep
backhand-close-forward-ad back-ad deep-590.jpg,backhand,close,forward,ad back,ad deep
backhand-close-forward-ad back-ad deep-5905.jpg,backhand,close,forward,ad back,ad deep
backhand-close-forward-ad back-ad deep-6098.jpg,backhand,close,forward,ad back,ad deep
backhand-close-forward-ad back-ad deep-6234.jpg,backhand,close,forward,ad back,ad deep
backhand-close-forward-ad back-ad deep-629.jpg,backhand,close,forward,ad back,ad deep
backhand-close-forward-ad back-ad deep-6484.jpg,backhand,close,forward,ad back,ad deep
backhand-close-forward-ad back-ad deep-6782.jpg,backhand,close,forward,ad back,ad deep
backhand-close-forward-ad back-ad deep-6828.jpg,backhand,close,forward,ad back,ad deep
backhand-close-forward-ad back-ad deep-6851.jpg,backhand,close,forward,ad back,ad deep
backhand-close-forward-ad back-ad deep-7047.jpg,backhand,close,forward,ad back,ad deep
backhand-close-forward-ad back-ad deep-7057.jpg,backhand,close,forward,ad back,ad deep
backhand-close-forward-ad back-ad deep-7091.jpg,backhand,close,forward,ad back,ad deep
backhand-close-forward-ad back-ad deep-7092.jpg,backhand,close,forward,ad back,ad deep
backhand-close-forward-ad back-ad deep-7187.jpg,backhand,close,forward,ad back,ad deep
backhand-close-forward-ad back-ad deep-7198.jpg,backhand,close,forward,ad back,ad deep
backhand-close-forward-ad back-ad deep-7434.jpg,backhand,close,forward,ad back,ad deep
backhand-close-forward-ad back-ad deep-7483.jpg,backhand,close,forward,ad back,ad deep
backhand-close-forward-ad back-ad deep-7523.jpg,backhand,close,forward,ad back,ad deep
backhand-close-forward-ad back-ad deep-7603.jpg,backhand,close,forward,ad back,ad deep
backhand-close-forward-ad back-ad deep-7780.jpg,backhand,close,forward,ad back,ad deep
backhand-close-forward-ad back-ad deep-7872.jpg,backhand,close,forward,ad back,ad deep
backhand-close-forward-ad back-ad deep-7925.jpg,backhand,close,forward,ad back,ad deep
backhand-close-forward-ad back-ad deep-797.jpg,backhand,close,forward,ad back,ad deep
backhand-close-forward-ad back-ad deep-8.jpg,backhand,close,forward,ad back,ad deep
backhand-close-forward-ad back-ad deep-8042.jpg,backhand,close,forward,ad back,ad deep
backhand-close-forward-ad back-ad deep-8047.jpg,backhand,close,forward,ad back,ad deep
backhand-close-forward-ad back-ad deep-8063.jpg,backhand,close,forward,ad back,ad deep
backhand-close-forward-ad back-ad deep-8069.jpg,backhand,close,forward,ad back,ad deep
backhand-close-forward-ad back-ad deep-8152.jpg,backhand,close,forward,ad back,ad deep
backhand-close-forward-ad back-ad deep-8399.jpg,backhand,close,forward,ad back,ad deep
backhand-close-forward-ad back-ad deep-8493.jpg,backhand,close,forward,ad back,ad deep
backhand-close-forward-ad back-ad deep-853.jpg,backhand,close,forward,ad back,ad deep
backhand-close-forward-ad back-ad deep-8815.jpg,backhand,close,forward,ad back,ad deep
backhand-close-forward-ad back-ad deep-9018.jpg,backhand,close,forward,ad back,ad deep
backhand-close-forward-ad back-ad deep-9439.jpg,backhand,close,forward,ad back,ad deep
backhand-close-forward-ad back-ad deep-9461.jpg,backhand,close,forward,ad back,ad deep
backhand-close-forward-ad back-ad deep-9681.jpg,backhand,close,forward,ad back,ad deep
backhand-close-forward-ad back-ad deep-9910.jpg,backhand,close,forward,ad back,ad deep
backhand-close-forward-ad back-ad deep-9914.jpg,backhand,close,forward,ad back,ad deep
backhand-close-forward-ad back-ad deep-9956.jpg,backhand,close,forward,ad back,ad deep
backhand-close-forward-ad back-ad mid-1131.jpg,backhand,close,forward,ad back,ad mid
backhand-close-forward-ad back-ad mid-1431.jpg,backhand,close,forward,ad back,ad mid
backhand-close-forward-ad back-ad mid-17.jpg,backhand,close,forward,ad back,ad mid
backhand-close-forward-ad back-ad mid-1724.jpg,backhand,close,forward,ad back,ad mid
backhand-close-forward-ad back-ad mid-1737.jpg,backhand,close,forward,ad back,ad mid
backhand-close-forward-ad back-ad mid-1749.jpg,backhand,close,forward,ad back,ad mid
backhand-close-forward-ad back-ad mid-1817.jpg,backhand,close,forward,ad back,ad mid
backhand-close-forward-ad back-ad mid-2109.jpg,backhand,close,forward,ad back,ad mid
backhand-close-forward-ad back-ad mid-2763.jpg,backhand,close,forward,ad back,ad mid
backhand-close-forward-ad back-ad mid-3055.jpg,backhand,close,forward,ad back,ad mid
backhand-close-forward-ad back-ad mid-3403.jpg,backhand,close,forward,ad back,ad mid
backhand-close-forward-ad back-ad mid-3549.jpg,backhand,close,forward,ad back,ad mid
backhand-close-forward-ad back-ad mid-4275.jpg,backhand,close,forward,ad back,ad mid
backhand-close-forward-ad back-ad mid-4459.jpg,backhand,close,forward,ad back,ad mid
backhand-close-forward-ad back-ad mid-4572.jpg,backhand,close,forward,ad back,ad mid
backhand-close-forward-ad back-ad mid-5142.jpg,backhand,close,forward,ad back,ad mid
backhand-close-forward-ad back-ad mid-5486.jpg,backhand,close,forward,ad back,ad mid
backhand-close-forward-ad back-ad mid-5936.jpg,backhand,close,forward,ad back,ad mid
backhand-close-forward-ad back-ad mid-6230.jpg,backhand,close,forward,ad back,ad mid
backhand-close-forward-ad back-ad mid-6814.jpg,backhand,close,forward,ad back,ad mid
backhand-close-forward-ad back-ad mid-7144.jpg,backhand,close,forward,ad back,ad mid
backhand-close-forward-ad back-ad mid-7479.jpg,backhand,close,forward,ad back,ad mid
backhand-close-forward-ad back-ad mid-7621.jpg,backhand,close,forward,ad back,ad mid
backhand-close-forward-ad back-ad mid-7826.jpg,backhand,close,forward,ad back,ad mid
backhand-close-forward-ad back-ad mid-8010.jpg,backhand,close,forward,ad back,ad mid
backhand-close-forward-ad back-ad mid-822.jpg,backhand,close,forward,ad back,ad mid
backhand-close-forward-ad back-ad mid-8613.jpg,backhand,close,forward,ad back,ad mid
backhand-close-forward-ad back-ad mid-9198.jpg,backhand,close,forward,ad back,ad mid
backhand-close-forward-ad back-ad mid-9750.jpg,backhand,close,forward,ad back,ad mid
backhand-close-forward-ad back-ad mid-98.jpg,backhand,close,forward,ad back,ad mid
backhand-close-forward-ad back-body deep-1170.jpg,backhand,close,forward,ad back,body deep
backhand-close-forward-ad back-body deep-172.jpg,backhand,close,forward,ad back,body deep
backhand-close-forward-ad back-body deep-2234.jpg,backhand,close,forward,ad back,body deep
backhand-close-forward-ad back-body deep-2235.jpg,backhand,close,forward,ad back,body deep
backhand-close-forward-ad back-body deep-2575.jpg,backhand,close,forward,ad back,body deep
backhand-close-forward-ad back-body deep-2977.jpg,backhand,close,forward,ad back,body deep
backhand-close-forward-ad back-body deep-3156.jpg,backhand,close,forward,ad back,body deep
backhand-close-forward-ad back-body deep-400.jpg,backhand,close,forward,ad back,body deep
backhand-close-forward-ad back-body deep-4132.jpg,backhand,close,forward,ad back,body deep
backhand-close-forward-ad back-body deep-4717.jpg,backhand,close,forward,ad back,body deep
backhand-close-forward-ad back-body deep-5105.jpg,backhand,close,forward,ad back,body deep
backhand-close-forward-ad back-body deep-5466.jpg,backhand,close,forward,ad back,body deep
backhand-close-forward-ad back-body deep-5641.jpg,backhand,close,forward,ad back,body deep
backhand-close-forward-ad back-body deep-6057.jpg,backhand,close,forward,ad back,body deep
backhand-close-forward-ad back-body deep-6500.jpg,backhand,close,forward,ad back,body deep
backhand-close-forward-ad back-body deep-6943.jpg,backhand,close,forward,ad back,body deep
backhand-close-forward-ad back-body deep-7076.jpg,backhand,close,forward,ad back,body deep
backhand-close-forward-ad back-body deep-76.jpg,backhand,close,forward,ad back,body deep
backhand-close-forward-ad back-body deep-7741.jpg,backhand,close,forward,ad back,body deep
backhand-close-forward-ad back-body deep-7807.jpg,backhand,close,forward,ad back,body deep
backhand-close-forward-ad back-body deep-7846.jpg,backhand,close,forward,ad back,body deep
backhand-close-forward-ad back-body deep-8196.jpg,backhand,close,forward,ad back,body deep
backhand-close-forward-ad back-body deep-8444.jpg,backhand,close,forward,ad back,body deep
backhand-close-forward-ad back-body deep-8567.jpg,backhand,close,forward,ad back,body deep
backhand-close-forward-ad back-body deep-8772.jpg,backhand,close,forward,ad back,body deep
backhand-close-forward-ad back-body deep-8847.jpg,backhand,close,forward,ad back,body deep
backhand-close-forward-ad back-body deep-9149.jpg,backhand,close,forward,ad back,body deep
backhand-close-forward-ad back-body deep-9363.jpg,backhand,close,forward,ad back,body deep
backhand-close-forward-ad back-body deep-9694.jpg,backhand,close,forward,ad back,body deep
backhand-close-forward-ad back-body deep-9717.jpg,backhand,close,forward,ad back,body deep
backhand-close-forward-ad back-deuce deep-1590.jpg,backhand,close,forward,ad back,deuce deep
backhand-close-forward-ad back-deuce deep-1629.jpg,backhand,close,forward,ad back,deuce deep
backhand-close-forward-ad back-deuce deep-1824.jpg,backhand,close,forward,ad back,deuce deep
backhand-close-forward-ad back-deuce deep-1907.jpg,backhand,close,forward,ad back,deuce deep
backhand-close-forward-ad back-deuce deep-1947.jpg,backhand,close,forward,ad back,deuce deep
backhand-close-forward-ad back-deuce deep-1958.jpg,backhand,close,forward,ad back,deuce deep
backhand-close-forward-ad back-deuce deep-2079.jpg,backhand,close,forward,ad back,deuce deep
backhand-close-forward-ad back-deuce deep-2112.jpg,backhand,close,forward,ad back,deuce deep
backhand-close-forward-ad back-deuce deep-2275.jpg,backhand,close,forward,ad back,deuce deep
backhand-close-forward-ad back-deuce deep-2321.jpg,backhand,close,forward,ad back,deuce deep
backhand-close-forward-ad back-deuce deep-2453.jpg,backhand,close,forward,ad back,deuce deep
backhand-close-forward-ad back-deuce deep-2669.jpg,backhand,close,forward,ad back,deuce deep
backhand-close-forward-ad back-deuce deep-2675.jpg,backhand,close,forward,ad back,deuce deep
backhand-close-forward-ad back-deuce deep-269.jpg,backhand,close,forward,ad back,deuce deep
backhand-close-forward-ad back-deuce deep-3019.jpg,backhand,close,forward,ad back,deuce deep
backhand-close-forward-ad back-deuce deep-3079.jpg,backhand,close,forward,ad back,deuce deep
backhand-close-forward-ad back-deuce deep-4208.jpg,backhand,close,forward,ad back,deuce deep
backhand-close-forward-ad back-deuce deep-506.jpg,backhand,close,forward,ad back,deuce deep
backhand-close-forward-ad back-deuce deep-5075.jpg,backhand,close,forward,ad back,deuce deep
backhand-close-forward-ad back-deuce deep-5156.jpg,backhand,close,forward,ad back,deuce deep
backhand-close-forward-ad back-deuce deep-5162.jpg,backhand,close,forward,ad back,deuce deep
backhand-close-forward-ad back-deuce deep-5407.jpg,backhand,close,forward,ad back,deuce deep
backhand-close-forward-ad back-deuce deep-5413.jpg,backhand,close,forward,ad back,deuce deep
backhand-close-forward-ad back-deuce deep-5747.jpg,backhand,close,forward,ad back,deuce deep
backhand-close-forward-ad back-deuce deep-5789.jpg,backhand,close,forward,ad back,deuce deep
backhand-close-forward-ad back-deuce deep-5833.jpg,backhand,close,forward,ad back,deuce deep
backhand-close-forward-ad back-deuce deep-6410.jpg,backhand,close,forward,ad back,deuce deep
backhand-close-forward-ad back-deuce deep-6430.jpg,backhand,close,forward,ad back,deuce deep
backhand-close-forward-ad back-deuce deep-6566.jpg,backhand,close,forward,ad back,deuce deep
backhand-close-forward-ad back-deuce deep-6712.jpg,backhand,close,forward,ad back,deuce deep
backhand-close-forward-ad back-deuce deep-6747.jpg,backhand,close,forward,ad back,deuce deep
backhand-close-forward-ad back-deuce deep-694.jpg,backhand,close,forward,ad back,deuce deep
backhand-close-forward-ad back-deuce deep-7159.jpg,backhand,close,forward,ad back,deuce deep
backhand-close-forward-ad back-deuce deep-7439.jpg,backhand,close,forward,ad back,deuce deep
backhand-close-forward-ad back-deuce deep-750.jpg,backhand,close,forward,ad back,deuce deep
backhand-close-forward-ad back-deuce deep-7692.jpg,backhand,close,forward,ad back,deuce deep
backhand-close-forward-ad back-deuce deep-7868.jpg,backhand,close,forward,ad back,deuce deep
backhand-close-forward-ad back-deuce deep-7930.jpg,backhand,close,forward,ad back,deuce deep
backhand-close-forward-ad back-deuce deep-8079.jpg,backhand,close,forward,ad back,deuce deep
backhand-close-forward-ad back-deuce deep-8418.jpg,backhand,close,forward,ad back,deuce deep
backhand-close-forward-ad back-deuce deep-8583.jpg,backhand,close,forward,ad back,deuce deep
backhand-close-forward-ad back-deuce deep-8607.jpg,backhand,close,forward,ad back,deuce deep
backhand-close-forward-ad back-deuce deep-8924.jpg,backhand,close,forward,ad back,deuce deep
backhand-close-forward-ad back-deuce deep-8935.jpg,backhand,close,forward,ad back,deuce deep
backhand-close-forward-ad back-deuce deep-9048.jpg,backhand,close,forward,ad back,deuce deep
backhand-close-forward-ad back-deuce deep-9059.jpg,backhand,close,forward,ad back,deuce deep
backhand-close-forward-ad back-deuce deep-9314.jpg,backhand,close,forward,ad back,deuce deep
backhand-close-forward-ad back-deuce deep-965.jpg,backhand,close,forward,ad back,deuce deep
backhand-close-forward-ad back-deuce deep-9827.jpg,backhand,close,forward,ad back,deuce deep
backhand-close-forward-ad back-deuce deep-9972.jpg,backhand,close,forward,ad back,deuce deep
backhand-close-forward-body back-body mid-1113.jpg,backhand,close,forward,body back,body mid
backhand-close-forward-body back-body mid-1450.jpg,backhand,close,forward,body back,body mid
backhand-close-forward-body back-body mid-216.jpg,backhand,close,forward,body back,body mid
backhand-close-forward-body back-body mid-3184.jpg,backhand,close,forward,body back,body mid
backhand-close-forward-body back-body mid-3700.jpg,backhand,close,forward,body back,body mid
backhand-close-forward-body back-body mid-4877.jpg,backhand,close,forward,body back,body mid
backhand-close-forward-body back-body mid-49.jpg,backhand,close,forward,body back,body mid
backhand-close-forward-body back-body mid-5542.jpg,backhand,close,forward,body back,body mid
backhand-close-forward-body back-body mid-6574.jpg,backhand,close,forward,body back,body mid
backhand-close-forward-body back-body mid-6703.jpg,backhand,close,forward,body back,body mid
backhand-close-forward-body back-body mid-775.jpg,backhand,close,forward,body back,body mid
backhand-close-forward-body back-body mid-7943.jpg,backhand,close,forward,body back,body mid
backhand-close-forward-body back-body mid-814.jpg,backhand,close,forward,body back,body mid
backhand-close-forward-body back-body mid-8553.jpg,backhand,close,forward,body back,body mid
backhand-close-forward-body back-body mid-8711.jpg,backhand,close,forward,body back,body mid
backhand-close-forward-body back-body mid-8904.jpg,backhand,close,forward,body back,body mid
backhand-close-forward-body back-body mid-9010.jpg,backhand,close,forward,body back,body mid
backhand-close-forward-body back-body mid-9316.jpg,backhand,close,forward,body back,body mid
backhand-close-forward-body back-body mid-9497.jpg,backhand,close,forward,body back,body mid
backhand-close-forward-body back-body mid-9835.jpg,backhand,close,forward,body back,body mid
backhand-close-forward-body mid-deuce mid-1118.jpg,backhand,close,forward,body mid,deuce mid
backhand-close-forward-body mid-deuce mid-1339.jpg,backhand,close,forward,body mid,deuce mid
backhand-close-forward-body mid-deuce mid-1520.jpg,backhand,close,forward,body mid,deuce mid
backhand-close-forward-body mid-deuce mid-1965.jpg,backhand,close,forward,body mid,deuce mid
backhand-close-forward-body mid-deuce mid-2477.jpg,backhand,close,forward,body mid,deuce mid
backhand-close-forward-body mid-deuce mid-3307.jpg,backhand,close,forward,body mid,deuce mid
backhand-close-forward-body mid-deuce mid-3422.jpg,backhand,close,forward,body mid,deuce mid
backhand-close-forward-body mid-deuce mid-3455.jpg,backhand,close,forward,body mid,deuce mid
backhand-close-forward-body mid-deuce mid-3505.jpg,backhand,close,forward,body mid,deuce mid
backhand-close-forward-body mid-deuce mid-3510.jpg,backhand,close,forward,body mid,deuce mid
backhand-close-forward-body mid-deuce mid-3749.jpg,backhand,close,forward,body mid,deuce mid
backhand-close-forward-body mid-deuce mid-3917.jpg,backhand,close,forward,body mid,deuce mid
backhand-close-forward-body mid-deuce mid-4567.jpg,backhand,close,forward,body mid,deuce mid
backhand-close-forward-body mid-deuce mid-5039.jpg,backhand,close,forward,body mid,deuce mid
backhand-close-forward-body mid-deuce mid-5073.jpg,backhand,close,forward,body mid,deuce mid
backhand-close-forward-body mid-deuce mid-5089.jpg,backhand,close,forward,body mid,deuce mid
backhand-close-forward-body mid-deuce mid-523.jpg,backhand,close,forward,body mid,deuce mid
backhand-close-forward-body mid-deuce mid-5348.jpg,backhand,close,forward,body mid,deuce mid
backhand-close-forward-body mid-deuce mid-5739.jpg,backhand,close,forward,body mid,deuce mid
backhand-close-forward-body mid-deuce mid-6431.jpg,backhand,close,forward,body mid,deuce mid
backhand-close-forward-body mid-deuce mid-6496.jpg,backhand,close,forward,body mid,deuce mid
backhand-close-forward-body mid-deuce mid-6804.jpg,backhand,close,forward,body mid,deuce mid
backhand-close-forward-body mid-deuce mid-6942.jpg,backhand,close,forward,body mid,deuce mid
backhand-close-forward-body mid-deuce mid-8226.jpg,backhand,close,forward,body mid,deuce mid
backhand-close-forward-body mid-deuce mid-9165.jpg,backhand,close,forward,body mid,deuce mid
backhand-close-forward-body mid-deuce mid-9293.jpg,backhand,close,forward,body mid,deuce mid
backhand-close-forward-body mid-deuce mid-9494.jpg,backhand,close,forward,body mid,deuce mid
backhand-close-forward-body mid-deuce mid-9550.jpg,backhand,close,forward,body mid,deuce mid
backhand-close-forward-body mid-deuce mid-9599.jpg,backhand,close,forward,body mid,deuce mid
backhand-close-forward-body mid-deuce mid-9793.jpg,backhand,close,forward,body mid,deuce mid
backhand-open-backward-ad back-ad deep-2494.jpg,backhand,open,backward,ad back,ad deep
backhand-open-backward-ad back-ad deep-3248.jpg,backhand,open,backward,ad back,ad deep
backhand-open-backward-ad back-ad deep-3480.jpg,backhand,open,backward,ad back,ad deep
backhand-open-backward-ad back-ad deep-3526.jpg,backhand,open,backward,ad back,ad deep
backhand-open-backward-ad back-ad deep-4236.jpg,backhand,open,backward,ad back,ad deep
backhand-open-backward-ad back-ad deep-4406.jpg,backhand,open,backward,ad back,ad deep
backhand-open-backward-ad back-ad deep-4676.jpg,backhand,open,backward,ad back,ad deep
backhand-open-backward-ad back-ad deep-4758.jpg,backhand,open,backward,ad back,ad deep
backhand-open-backward-ad back-ad deep-4860.jpg,backhand,open,backward,ad back,ad deep
backhand-open-backward-ad back-ad deep-5170.jpg,backhand,open,backward,ad back,ad deep
backhand-open-backward-ad back-ad deep-5607.jpg,backhand,open,backward,ad back,ad deep
backhand-open-backward-ad back-ad deep-6064.jpg,backhand,open,backward,ad back,ad deep
backhand-open-backward-ad back-ad deep-6178.jpg,backhand,open,backward,ad back,ad deep
backhand-open-backward-ad back-ad deep-6199.jpg,backhand,open,backward,ad back,ad deep
backhand-open-backward-ad back-ad deep-6296.jpg,backhand,open,backward,ad back,ad deep
backhand-open-backward-ad back-ad deep-7435.jpg,backhand,open,backward,ad back,ad deep
backhand-open-backward-ad back-ad deep-7805.jpg,backhand,open,backward,ad back,ad deep
backhand-open-backward-ad back-ad deep-8081.jpg,backhand,open,backward,ad back,ad deep
backhand-open-backward-ad back-ad deep-8139.jpg,backhand,open,backward,ad back,ad deep
backhand-open-backward-ad back-ad deep-9648.jpg,backhand,open,backward,ad back,ad deep
forehand-close-backward-body back-deuce deep-1632.jpg,forehand,close,backward,body back,deuce deep
forehand-close-backward-body back-deuce deep-1957.jpg,forehand,close,backward,body back,deuce deep
forehand-close-backward-body back-deuce deep-3024.jpg,forehand,close,backward,body back,deuce deep
forehand-close-backward-body back-deuce deep-3456.jpg,forehand,close,backward,body back,deuce deep
forehand-close-backward-body back-deuce deep-3682.jpg,forehand,close,backward,body back,deuce deep
forehand-close-backward-body back-deuce deep-4793.jpg,forehand,close,backward,body back,deuce deep
forehand-close-backward-body back-deuce deep-4930.jpg,forehand,close,backward,body back,deuce deep
forehand-close-backward-body back-deuce deep-5036.jpg,forehand,close,backward,body back,deuce deep
forehand-close-backward-body back-deuce deep-5734.jpg,forehand,close,backward,body back,deuce deep
forehand-close-backward-body back-deuce deep-5748.jpg,forehand,close,backward,body back,deuce deep
forehand-close-backward-body back-deuce deep-6025.jpg,forehand,close,backward,body back,deuce deep
forehand-close-backward-body back-deuce deep-6236.jpg,forehand,close,backward,body back,deuce deep
forehand-close-backward-body back-deuce deep-6498.jpg,forehand,close,backward,body back,deuce deep
forehand-close-backward-body back-deuce deep-7410.jpg,forehand,close,backward,body back,deuce deep
forehand-close-backward-body back-deuce deep-7972.jpg,forehand,close,backward,body back,deuce deep
forehand-close-backward-body back-deuce deep-8350.jpg,forehand,close,backward,body back,deuce deep
forehand-close-backward-body back-deuce deep-8469.jpg,forehand,close,backward,body back,deuce deep
forehand-close-backward-body back-deuce deep-8657.jpg,forehand,close,backward,body back,deuce deep
forehand-close-backward-body back-deuce deep-974.jpg,forehand,close,backward,body back,deuce deep
forehand-close-backward-body back-deuce deep-9747.jpg,forehand,close,backward,body back,deuce deep
forehand-close-forward-body mid-ad deep-1278.jpg,forehand,close,forward,body mid,ad deep
forehand-close-forward-body mid-ad deep-1580.jpg,forehand,close,forward,body mid,ad deep
forehand-close-forward-body mid-ad deep-1665.jpg,forehand,close,forward,body mid,ad deep
forehand-close-forward-body mid-ad deep-2428.jpg,forehand,close,forward,body mid,ad deep
forehand-close-forward-body mid-ad deep-258.jpg,forehand,close,forward,body mid,ad deep
forehand-close-forward-body mid-ad deep-2755.jpg,forehand,close,forward,body mid,ad deep
forehand-close-forward-body mid-ad deep-2864.jpg,forehand,close,forward,body mid,ad deep
forehand-close-forward-body mid-ad deep-3200.jpg,forehand,close,forward,body mid,ad deep
forehand-close-forward-body mid-ad deep-3784.jpg,forehand,close,forward,body mid,ad deep
forehand-close-forward-body mid-ad deep-3797.jpg,forehand,close,forward,body mid,ad deep
forehand-close-forward-body mid-ad deep-4230.jpg,forehand,close,forward,body mid,ad deep
forehand-close-forward-body mid-ad deep-4458.jpg,forehand,close,forward,body mid,ad deep
forehand-close-forward-body mid-ad deep-4566.jpg,forehand,close,forward,body mid,ad deep
forehand-close-forward-body mid-ad deep-6064.jpg,forehand,close,forward,body mid,ad deep
forehand-close-forward-body mid-ad deep-7251.jpg,forehand,close,forward,body mid,ad deep
forehand-close-forward-body mid-ad deep-7462.jpg,forehand,close,forward,body mid,ad deep
forehand-close-forward-body mid-ad deep-747.jpg,forehand,close,forward,body mid,ad deep
forehand-close-forward-body mid-ad deep-8104.jpg,forehand,close,forward,body mid,ad deep
forehand-close-forward-body mid-ad deep-8179.jpg,forehand,close,forward,body mid,ad deep
forehand-close-forward-body mid-ad deep-8359.jpg,forehand,close,forward,body mid,ad deep
forehand-close-forward-body mid-ad deep-8405.jpg,forehand,close,forward,body mid,ad deep
forehand-close-forward-body mid-ad deep-8723.jpg,forehand,close,forward,body mid,ad deep
forehand-close-forward-body mid-ad deep-8773.jpg,forehand,close,forward,body mid,ad deep
forehand-close-forward-body mid-ad deep-8805.jpg,forehand,close,forward,body mid,ad deep
forehand-close-forward-body mid-ad deep-9118.jpg,forehand,close,forward,body mid,ad deep
forehand-close-forward-body mid-ad deep-9327.jpg,forehand,close,forward,body mid,ad deep
forehand-close-forward-body mid-ad deep-9478.jpg,forehand,close,forward,body mid,ad deep
forehand-close-forward-body mid-ad deep-9491.jpg,forehand,close,forward,body mid,ad deep
forehand-close-forward-body mid-ad deep-9640.jpg,forehand,close,forward,body mid,ad deep
forehand-close-forward-body mid-ad deep-9771.jpg,forehand,close,forward,body mid,ad deep
forehand-close-forward-body mid-deuce deep-10.jpg,forehand,close,forward,body mid,deuce deep
forehand-close-forward-body mid-deuce deep-1230.jpg,forehand,close,forward,body mid,deuce deep
forehand-close-forward-body mid-deuce deep-2390.jpg,forehand,close,forward,body mid,deuce deep
forehand-close-forward-body mid-deuce deep-2638.jpg,forehand,close,forward,body mid,deuce deep
forehand-close-forward-body mid-deuce deep-2921.jpg,forehand,close,forward,body mid,deuce deep
forehand-close-forward-body mid-deuce deep-3222.jpg,forehand,close,forward,body mid,deuce deep
forehand-close-forward-body mid-deuce deep-3379.jpg,forehand,close,forward,body mid,deuce deep
forehand-close-forward-body mid-deuce deep-3846.jpg,forehand,close,forward,body mid,deuce deep
forehand-close-forward-body mid-deuce deep-3888.jpg,forehand,close,forward,body mid,deuce deep
forehand-close-forward-body mid-deuce deep-4091.jpg,forehand,close,forward,body mid,deuce deep
forehand-close-forward-body mid-deuce deep-4459.jpg,forehand,close,forward,body mid,deuce deep
forehand-close-forward-body mid-deuce deep-4729.jpg,forehand,close,forward,body mid,deuce deep
forehand-close-forward-body mid-deuce deep-5307.jpg,forehand,close,forward,body mid,deuce deep
forehand-close-forward-body mid-deuce deep-541.jpg,forehand,close,forward,body mid,deuce deep
forehand-close-forward-body mid-deuce deep-6358.jpg,forehand,close,forward,body mid,deuce deep
forehand-close-forward-body mid-deuce deep-6818.jpg,forehand,close,forward,body mid,deuce deep
forehand-close-forward-body mid-deuce deep-683.jpg,forehand,close,forward,body mid,deuce deep
forehand-close-forward-body mid-deuce deep-7197.jpg,forehand,close,forward,body mid,deuce deep
forehand-close-forward-body mid-deuce deep-7256.jpg,forehand,close,forward,body mid,deuce deep
forehand-close-forward-body mid-deuce deep-732.jpg,forehand,close,forward,body mid,deuce deep
forehand-close-forward-body mid-deuce deep-7468.jpg,forehand,close,forward,body mid,deuce deep
forehand-close-forward-body mid-deuce deep-7699.jpg,forehand,close,forward,body mid,deuce deep
forehand-close-forward-body mid-deuce deep-8128.jpg,forehand,close,forward,body mid,deuce deep
forehand-close-forward-body mid-deuce deep-8271.jpg,forehand,close,forward,body mid,deuce deep
forehand-close-forward-body mid-deuce deep-8435.jpg,forehand,close,forward,body mid,deuce deep
forehand-close-forward-body mid-deuce deep-8907.jpg,forehand,close,forward,body mid,deuce deep
forehand-close-forward-body mid-deuce deep-9035.jpg,forehand,close,forward,body mid,deuce deep
forehand-close-forward-body mid-deuce deep-9274.jpg,forehand,close,forward,body mid,deuce deep
forehand-close-forward-body mid-deuce deep-928.jpg,forehand,close,forward,body mid,deuce deep
forehand-close-forward-body mid-deuce deep-9596.jpg,forehand,close,forward,body mid,deuce deep
forehand-open-backward-ad back-ad mid-1006.jpg,forehand,open,backward,ad back,ad mid
forehand-open-backward-ad back-ad mid-1235.jpg,forehand,open,backward,ad back,ad mid
forehand-open-backward-ad back-ad mid-1390.jpg,forehand,open,backward,ad back,ad mid
forehand-open-backward-ad back-ad mid-182.jpg,forehand,open,backward,ad back,ad mid
forehand-open-backward-ad back-ad mid-2134.jpg,forehand,open,backward,ad back,ad mid
forehand-open-backward-ad back-ad mid-2307.jpg,forehand,open,backward,ad back,ad mid
forehand-open-backward-ad back-ad mid-2466.jpg,forehand,open,backward,ad back,ad mid
forehand-open-backward-ad back-ad mid-271.jpg,forehand,open,backward,ad back,ad mid
forehand-open-backward-ad back-ad mid-2841.jpg,forehand,open,backward,ad back,ad mid
forehand-open-backward-ad back-ad mid-3015.jpg,forehand,open,backward,ad back,ad mid
forehand-open-backward-ad back-ad mid-3191.jpg,forehand,open,backward,ad back,ad mid
forehand-open-backward-ad back-ad mid-3790.jpg,forehand,open,backward,ad back,ad mid
forehand-open-backward-ad back-ad mid-4936.jpg,forehand,open,backward,ad back,ad mid
forehand-open-backward-ad back-ad mid-5203.jpg,forehand,open,backward,ad back,ad mid
forehand-open-backward-ad back-ad mid-5296.jpg,forehand,open,backward,ad back,ad mid
forehand-open-backward-ad back-ad mid-5310.jpg,forehand,open,backward,ad back,ad mid
forehand-open-backward-ad back-ad mid-5345.jpg,forehand,open,backward,ad back,ad mid
forehand-open-backward-ad back-ad mid-5402.jpg,forehand,open,backward,ad back,ad mid
forehand-open-backward-ad back-ad mid-5603.jpg,forehand,open,backward,ad back,ad mid
forehand-open-backward-ad back-ad mid-6174.jpg,forehand,open,backward,ad back,ad mid
forehand-open-backward-ad back-ad mid-6529.jpg,forehand,open,backward,ad back,ad mid
forehand-open-backward-ad back-ad mid-6603.jpg,forehand,open,backward,ad back,ad mid
forehand-open-backward-ad back-ad mid-709.jpg,forehand,open,backward,ad back,ad mid
forehand-open-backward-ad back-ad mid-7128.jpg,forehand,open,backward,ad back,ad mid
forehand-open-backward-ad back-ad mid-7603.jpg,forehand,open,backward,ad back,ad mid
forehand-open-backward-ad back-ad mid-8244.jpg,forehand,open,backward,ad back,ad mid
forehand-open-backward-ad back-ad mid-8784.jpg,forehand,open,backward,ad back,ad mid
forehand-open-backward-ad back-ad mid-8891.jpg,forehand,open,backward,ad back,ad mid
forehand-open-backward-ad back-ad mid-903.jpg,forehand,open,backward,ad back,ad mid
forehand-open-backward-ad back-ad mid-9337.jpg,forehand,open,backward,ad back,ad mid
forehand-open-backward-ad back-body mid-1219.jpg,forehand,open,backward,ad back,body mid
forehand-open-backward-ad back-body mid-1345.jpg,forehand,open,backward,ad back,body mid
forehand-open-backward-ad back-body mid-1962.jpg,forehand,open,backward,ad back,body mid
forehand-open-backward-ad back-body mid-1979.jpg,forehand,open,backward,ad back,body mid
forehand-open-backward-ad back-body mid-2174.jpg,forehand,open,backward,ad back,body mid
forehand-open-backward-ad back-body mid-2227.jpg,forehand,open,backward,ad back,body mid
forehand-open-backward-ad back-body mid-2254.jpg,forehand,open,backward,ad back,body mid
forehand-open-backward-ad back-body mid-2365.jpg,forehand,open,backward,ad back,body mid
forehand-open-backward-ad back-body mid-2528.jpg,forehand,open,backward,ad back,body mid
forehand-open-backward-ad back-body mid-3994.jpg,forehand,open,backward,ad back,body mid
forehand-open-backward-ad back-body mid-456.jpg,forehand,open,backward,ad back,body mid
forehand-open-backward-ad back-body mid-4797.jpg,forehand,open,backward,ad back,body mid
forehand-open-backward-ad back-body mid-5376.jpg,forehand,open,backward,ad back,body mid
forehand-open-backward-ad back-body mid-5564.jpg,forehand,open,backward,ad back,body mid
forehand-open-backward-ad back-body mid-622.jpg,forehand,open,backward,ad back,body mid
forehand-open-backward-ad back-body mid-646.jpg,forehand,open,backward,ad back,body mid
forehand-open-backward-ad back-body mid-6617.jpg,forehand,open,backward,ad back,body mid
forehand-open-backward-ad back-body mid-6700.jpg,forehand,open,backward,ad back,body mid
forehand-open-backward-ad back-body mid-6846.jpg,forehand,open,backward,ad back,body mid
forehand-open-backward-ad back-body mid-685.jpg,forehand,open,backward,ad back,body mid
forehand-open-backward-ad back-body mid-7241.jpg,forehand,open,backward,ad back,body mid
forehand-open-backward-ad back-body mid-7305.jpg,forehand,open,backward,ad back,body mid
forehand-open-backward-ad back-body mid-7410.jpg,forehand,open,backward,ad back,body mid
forehand-open-backward-ad back-body mid-7699.jpg,forehand,open,backward,ad back,body mid
forehand-open-backward-ad back-body mid-9315.jpg,forehand,open,backward,ad back,body mid
forehand-open-backward-ad back-body mid-9399.jpg,forehand,open,backward,ad back,body mid
forehand-open-backward-ad back-body mid-9431.jpg,forehand,open,backward,ad back,body mid
forehand-open-backward-ad back-body mid-9638.jpg,forehand,open,backward,ad back,body mid
forehand-open-backward-ad back-body mid-9771.jpg,forehand,open,backward,ad back,body mid
forehand-open-backward-ad back-body mid-9883.jpg,forehand,open,backward,ad back,body mid
forehand-open-backward-ad back-deuce deep-1068.jpg,forehand,open,backward,ad back,deuce deep
forehand-open-backward-ad back-deuce deep-1076.jpg,forehand,open,backward,ad back,deuce deep
forehand-open-backward-ad back-deuce deep-1210.jpg,forehand,open,backward,ad back,deuce deep
forehand-open-backward-ad back-deuce deep-1438.jpg,forehand,open,backward,ad back,deuce deep
forehand-open-backward-ad back-deuce deep-1543.jpg,forehand,open,backward,ad back,deuce deep
forehand-open-backward-ad back-deuce deep-1568.jpg,forehand,open,backward,ad back,deuce deep
forehand-open-backward-ad back-deuce deep-1892.jpg,forehand,open,backward,ad back,deuce deep
forehand-open-backward-ad back-deuce deep-1897.jpg,forehand,open,backward,ad back,deuce deep
forehand-open-backward-ad back-deuce deep-2009.jpg,forehand,open,backward,ad back,deuce deep
forehand-open-backward-ad back-deuce deep-2022.jpg,forehand,open,backward,ad back,deuce deep
forehand-open-backward-ad back-deuce deep-2285.jpg,forehand,open,backward,ad back,deuce deep
forehand-open-backward-ad back-deuce deep-2357.jpg,forehand,open,backward,ad back,deuce deep
forehand-open-backward-ad back-deuce deep-274.jpg,forehand,open,backward,ad back,deuce deep
forehand-open-backward-ad back-deuce deep-276.jpg,forehand,open,backward,ad back,deuce deep
forehand-open-backward-ad back-deuce deep-3374.jpg,forehand,open,backward,ad back,deuce deep
forehand-open-backward-ad back-deuce deep-3537.jpg,forehand,open,backward,ad back,deuce deep
forehand-open-backward-ad back-deuce deep-3549.jpg,forehand,open,backward,ad back,deuce deep
forehand-open-backward-ad back-deuce deep-418.jpg,forehand,open,backward,ad back,deuce deep
forehand-open-backward-ad back-deuce deep-4238.jpg,forehand,open,backward,ad back,deuce deep
forehand-open-backward-ad back-deuce deep-4249.jpg,forehand,open,backward,ad back,deuce deep
forehand-open-backward-ad back-deuce deep-4490.jpg,forehand,open,backward,ad back,deuce deep
forehand-open-backward-ad back-deuce deep-4663.jpg,forehand,open,backward,ad back,deuce deep
forehand-open-backward-ad back-deuce deep-4940.jpg,forehand,open,backward,ad back,deuce deep
forehand-open-backward-ad back-deuce deep-4958.jpg,forehand,open,backward,ad back,deuce deep
forehand-open-backward-ad back-deuce deep-5381.jpg,forehand,open,backward,ad back,deuce deep
forehand-open-backward-ad back-deuce deep-5613.jpg,forehand,open,backward,ad back,deuce deep
forehand-open-backward-ad back-deuce deep-5918.jpg,forehand,open,backward,ad back,deuce deep
forehand-open-backward-ad back-deuce deep-6055.jpg,forehand,open,backward,ad back,deuce deep
forehand-open-backward-ad back-deuce deep-6067.jpg,forehand,open,backward,ad back,deuce deep
forehand-open-backward-ad back-deuce deep-6250.jpg,forehand,open,backward,ad back,deuce deep
forehand-open-backward-ad back-deuce deep-6933.jpg,forehand,open,backward,ad back,deuce deep
forehand-open-backward-ad back-deuce deep-7019.jpg,forehand,open,backward,ad back,deuce deep
forehand-open-backward-ad back-deuce deep-7029.jpg,forehand,open,backward,ad back,deuce deep
forehand-open-backward-ad back-deuce deep-707.jpg,forehand,open,backward,ad back,deuce deep
forehand-open-backward-ad back-deuce deep-7077.jpg,forehand,open,backward,ad back,deuce deep
forehand-open-backward-ad back-deuce deep-7080.jpg,forehand,open,backward,ad back,deuce deep
forehand-open-backward-ad back-deuce deep-733.jpg,forehand,open,backward,ad back,deuce deep
forehand-open-backward-ad back-deuce deep-7620.jpg,forehand,open,backward,ad back,deuce deep
forehand-open-backward-ad back-deuce deep-7761.jpg,forehand,open,backward,ad back,deuce deep
forehand-open-backward-ad back-deuce deep-7818.jpg,forehand,open,backward,ad back,deuce deep
forehand-open-backward-ad back-deuce deep-82.jpg,forehand,open,backward,ad back,deuce deep
forehand-open-backward-ad back-deuce deep-8752.jpg,forehand,open,backward,ad back,deuce deep
forehand-open-backward-ad back-deuce deep-8792.jpg,forehand,open,backward,ad back,deuce deep
forehand-open-backward-ad back-deuce deep-9349.jpg,forehand,open,backward,ad back,deuce deep
forehand-open-backward-ad back-deuce deep-9388.jpg,forehand,open,backward,ad back,deuce deep
forehand-open-backward-ad back-deuce deep-9456.jpg,forehand,open,backward,ad back,deuce deep
forehand-open-backward-ad back-deuce deep-9610.jpg,forehand,open,backward,ad back,deuce deep
forehand-open-backward-ad back-deuce deep-97.jpg,forehand,open,backward,ad back,deuce deep
forehand-open-backward-ad back-deuce deep-975.jpg,forehand,open,backward,ad back,deuce deep
forehand-open-backward-ad back-deuce deep-9966.jpg,forehand,open,backward,ad back,deuce deep
forehand-open-backward-body back-ad deep-1099.jpg,forehand,open,backward,body back,ad deep
forehand-open-backward-body back-ad deep-1125.jpg,forehand,open,backward,body back,ad deep
forehand-open-backward-body back-ad deep-1410.jpg,forehand,open,backward,body back,ad deep
forehand-open-backward-body back-ad deep-1603.jpg,forehand,open,backward,body back,ad deep
forehand-open-backward-body back-ad deep-1767.jpg,forehand,open,backward,body back,ad deep
forehand-open-backward-body back-ad deep-1935.jpg,forehand,open,backward,body back,ad deep
forehand-open-backward-body back-ad deep-2885.jpg,forehand,open,backward,body back,ad deep
forehand-open-backward-body back-ad deep-3102.jpg,forehand,open,backward,body back,ad deep
forehand-open-backward-body back-ad deep-3125.jpg,forehand,open,backward,body back,ad deep
forehand-open-backward-body back-ad deep-3142.jpg,forehand,open,backward,body back,ad deep
forehand-open-backward-body back-ad deep-3532.jpg,forehand,open,backward,body back,ad deep
forehand-open-backward-body back-ad deep-3856.jpg,forehand,open,backward,body back,ad deep
forehand-open-backward-body back-ad deep-4203.jpg,forehand,open,backward,body back,ad deep
forehand-open-backward-body back-ad deep-4398.jpg,forehand,open,backward,body back,ad deep
forehand-open-backward-body back-ad deep-4450.jpg,forehand,open,backward,body back,ad deep
forehand-open-backward-body back-ad deep-4533.jpg,forehand,open,backward,body back,ad deep
forehand-open-backward-body back-ad deep-5344.jpg,forehand,open,backward,body back,ad deep
forehand-open-backward-body back-ad deep-557.jpg,forehand,open,backward,body back,ad deep
forehand-open-backward-body back-ad deep-6488.jpg,forehand,open,backward,body back,ad deep
forehand-open-backward-body back-ad deep-6552.jpg,forehand,open,backward,body back,ad deep
forehand-open-backward-body back-ad deep-6564.jpg,forehand,open,backward,body back,ad deep
forehand-open-backward-body back-ad deep-726.jpg,forehand,open,backward,body back,ad deep
forehand-open-backward-body back-ad deep-7441.jpg,forehand,open,backward,body back,ad deep
forehand-open-backward-body back-ad deep-7776.jpg,forehand,open,backward,body back,ad deep
forehand-open-backward-body back-ad deep-7958.jpg,forehand,open,backward,body back,ad deep
forehand-open-backward-body back-ad deep-8212.jpg,forehand,open,backward,body back,ad deep
forehand-open-backward-body back-ad deep-8360.jpg,forehand,open,backward,body back,ad deep
forehand-open-backward-body back-ad deep-8789.jpg,forehand,open,backward,body back,ad deep
forehand-open-backward-body back-ad deep-9071.jpg,forehand,open,backward,body back,ad deep
forehand-open-backward-body back-ad deep-9159.jpg,forehand,open,backward,body back,ad deep
forehand-open-backward-body back-deuce mid-1394.jpg,forehand,open,backward,body back,deuce mid
forehand-open-backward-body back-deuce mid-154.jpg,forehand,open,backward,body back,deuce mid
forehand-open-backward-body back-deuce mid-1909.jpg,forehand,open,backward,body back,deuce mid
forehand-open-backward-body back-deuce mid-1965.jpg,forehand,open,backward,body back,deuce mid
forehand-open-backward-body back-deuce mid-2003.jpg,forehand,open,backward,body back,deuce mid
forehand-open-backward-body back-deuce mid-2054.jpg,forehand,open,backward,body back,deuce mid
forehand-open-backward-body back-deuce mid-2194.jpg,forehand,open,backward,body back,deuce mid
forehand-open-backward-body back-deuce mid-2255.jpg,forehand,open,backward,body back,deuce mid
forehand-open-backward-body back-deuce mid-2496.jpg,forehand,open,backward,body back,deuce mid
forehand-open-backward-body back-deuce mid-2681.jpg,forehand,open,backward,body back,deuce mid
forehand-open-backward-body back-deuce mid-2723.jpg,forehand,open,backward,body back,deuce mid
forehand-open-backward-body back-deuce mid-2868.jpg,forehand,open,backward,body back,deuce mid
forehand-open-backward-body back-deuce mid-2901.jpg,forehand,open,backward,body back,deuce mid
forehand-open-backward-body back-deuce mid-2974.jpg,forehand,open,backward,body back,deuce mid
forehand-open-backward-body back-deuce mid-3026.jpg,forehand,open,backward,body back,deuce mid
forehand-open-backward-body back-deuce mid-3501.jpg,forehand,open,backward,body back,deuce mid
forehand-open-backward-body back-deuce mid-4175.jpg,forehand,open,backward,body back,deuce mid
forehand-open-backward-body back-deuce mid-4177.jpg,forehand,open,backward,body back,deuce mid
forehand-open-backward-body back-deuce mid-4225.jpg,forehand,open,backward,body back,deuce mid
forehand-open-backward-body back-deuce mid-4345.jpg,forehand,open,backward,body back,deuce mid
forehand-open-backward-body back-deuce mid-444.jpg,forehand,open,backward,body back,deuce mid
forehand-open-backward-body back-deuce mid-4532.jpg,forehand,open,backward,body back,deuce mid
forehand-open-backward-body back-deuce mid-4584.jpg,forehand,open,backward,body back,deuce mid
forehand-open-backward-body back-deuce mid-4620.jpg,forehand,open,backward,body back,deuce mid
forehand-open-backward-body back-deuce mid-466.jpg,forehand,open,backward,body back,deuce mid
forehand-open-backward-body back-deuce mid-4752.jpg,forehand,open,backward,body back,deuce mid
forehand-open-backward-body back-deuce mid-4800.jpg,forehand,open,backward,body back,deuce mid
forehand-open-backward-body back-deuce mid-498.jpg,forehand,open,backward,body back,deuce mid
forehand-open-backward-body back-deuce mid-5288.jpg,forehand,open,backward,body back,deuce mid
forehand-open-backward-body back-deuce mid-5348.jpg,forehand,open,backward,body back,deuce mid
forehand-open-backward-body back-deuce mid-5452.jpg,forehand,open,backward,body back,deuce mid
forehand-open-backward-body back-deuce mid-5551.jpg,forehand,open,backward,body back,deuce mid
forehand-open-backward-body back-deuce mid-5605.jpg,forehand,open,backward,body back,deuce mid
forehand-open-backward-body back-deuce mid-5623.jpg,forehand,open,backward,body back,deuce mid
forehand-open-backward-body back-deuce mid-5866.jpg,forehand,open,backward,body back,deuce mid
forehand-open-backward-body back-deuce mid-591.jpg,forehand,open,backward,body back,deuce mid
forehand-open-backward-body back-deuce mid-6115.jpg,forehand,open,backward,body back,deuce mid
forehand-open-backward-body back-deuce mid-6165.jpg,forehand,open,backward,body back,deuce mid
forehand-open-backward-body back-deuce mid-6219.jpg,forehand,open,backward,body back,deuce mid
forehand-open-backward-body back-deuce mid-6552.jpg,forehand,open,backward,body back,deuce mid
forehand-open-backward-body back-deuce mid-687.jpg,forehand,open,backward,body back,deuce mid
forehand-open-backward-body back-deuce mid-7046.jpg,forehand,open,backward,body back,deuce mid
forehand-open-backward-body back-deuce mid-7089.jpg,forehand,open,backward,body back,deuce mid
forehand-open-backward-body back-deuce mid-7186.jpg,forehand,open,backward,body back,deuce mid
forehand-open-backward-body back-deuce mid-7302.jpg,forehand,open,backward,body back,deuce mid
forehand-open-backward-body back-deuce mid-7573.jpg,forehand,open,backward,body back,deuce mid
forehand-open-backward-body back-deuce mid-7812.jpg,forehand,open,backward,body back,deuce mid
forehand-open-backward-body back-deuce mid-783.jpg,forehand,open,backward,body back,deuce mid
forehand-open-backward-body back-deuce mid-8003.jpg,forehand,open,backward,body back,deuce mid
forehand-open-backward-body back-deuce mid-8034.jpg,forehand,open,backward,body back,deuce mid
forehand-open-backward-body back-deuce mid-8137.jpg,forehand,open,backward,body back,deuce mid
forehand-open-backward-body back-deuce mid-8188.jpg,forehand,open,backward,body back,deuce mid
forehand-open-backward-body back-deuce mid-8306.jpg,forehand,open,backward,body back,deuce mid
forehand-open-backward-body back-deuce mid-8923.jpg,forehand,open,backward,body back,deuce mid
forehand-open-backward-body back-deuce mid-9026.jpg,forehand,open,backward,body back,deuce mid
forehand-open-backward-body back-deuce mid-9479.jpg,forehand,open,backward,body back,deuce mid
forehand-open-backward-body back-deuce mid-9707.jpg,forehand,open,backward,body back,deuce mid
forehand-open-backward-body back-deuce mid-9800.jpg,forehand,open,backward,body back,deuce mid
forehand-open-backward-body back-deuce mid-9958.jpg,forehand,open,backward,body back,deuce mid
forehand-open-backward-body mid-ad deep-1056.jpg,forehand,open,backward,body mid,ad deep
forehand-open-backward-body mid-ad deep-1362.jpg,forehand,open,backward,body mid,ad deep
forehand-open-backward-body mid-ad deep-155.jpg,forehand,open,backward,body mid,ad deep
forehand-open-backward-body mid-ad deep-1659.jpg,forehand,open,backward,body mid,ad deep
forehand-open-backward-body mid-ad deep-1687.jpg,forehand,open,backward,body mid,ad deep
forehand-open-backward-body mid-ad deep-1703.jpg,forehand,open,backward,body mid,ad deep
forehand-open-backward-body mid-ad deep-3118.jpg,forehand,open,backward,body mid,ad deep
forehand-open-backward-body mid-ad deep-3407.jpg,forehand,open,backward,body mid,ad deep
forehand-open-backward-body mid-ad deep-3796.jpg,forehand,open,backward,body mid,ad deep
forehand-open-backward-body mid-ad deep-3876.jpg,forehand,open,backward,body mid,ad deep
forehand-open-backward-body mid-ad deep-3952.jpg,forehand,open,backward,body mid,ad deep
forehand-open-backward-body mid-ad deep-5030.jpg,forehand,open,backward,body mid,ad deep
forehand-open-backward-body mid-ad deep-518.jpg,forehand,open,backward,body mid,ad deep
forehand-open-backward-body mid-ad deep-519.jpg,forehand,open,backward,body mid,ad deep
forehand-open-backward-body mid-ad deep-5277.jpg,forehand,open,backward,body mid,ad deep
forehand-open-backward-body mid-ad deep-5381.jpg,forehand,open,backward,body mid,ad deep
forehand-open-backward-body mid-ad deep-5396.jpg,forehand,open,backward,body mid,ad deep
forehand-open-backward-body mid-ad deep-5858.jpg,forehand,open,backward,body mid,ad deep
forehand-open-backward-body mid-ad deep-6038.jpg,forehand,open,backward,body mid,ad deep
forehand-open-backward-body mid-ad deep-6926.jpg,forehand,open,backward,body mid,ad deep
forehand-open-backward-body mid-ad deep-7014.jpg,forehand,open,backward,body mid,ad deep
forehand-open-backward-body mid-ad deep-7247.jpg,forehand,open,backward,body mid,ad deep
forehand-open-backward-body mid-ad deep-7662.jpg,forehand,open,backward,body mid,ad deep
forehand-open-backward-body mid-ad deep-7933.jpg,forehand,open,backward,body mid,ad deep
forehand-open-backward-body mid-ad deep-8656.jpg,forehand,open,backward,body mid,ad deep
forehand-open-backward-body mid-ad deep-8695.jpg,forehand,open,backward,body mid,ad deep
forehand-open-backward-body mid-ad deep-8887.jpg,forehand,open,backward,body mid,ad deep
forehand-open-backward-body mid-ad deep-9108.jpg,forehand,open,backward,body mid,ad deep
forehand-open-backward-body mid-ad deep-9173.jpg,forehand,open,backward,body mid,ad deep
forehand-open-backward-body mid-ad deep-9971.jpg,forehand,open,backward,body mid,ad deep
forehand-open-backward-deuce back-ad deep-2116.jpg,forehand,open,backward,deuce back,ad deep
forehand-open-backward-deuce back-ad deep-2671.jpg,forehand,open,backward,deuce back,ad deep
forehand-open-backward-deuce back-ad deep-299.jpg,forehand,open,backward,deuce back,ad deep
forehand-open-backward-deuce back-ad deep-3071.jpg,forehand,open,backward,deuce back,ad deep
forehand-open-backward-deuce back-ad deep-3131.jpg,forehand,open,backward,deuce back,ad deep
forehand-open-backward-deuce back-ad deep-3328.jpg,forehand,open,backward,deuce back,ad deep
forehand-open-backward-deuce back-ad deep-3957.jpg,forehand,open,backward,deuce back,ad deep
forehand-open-backward-deuce back-ad deep-4354.jpg,forehand,open,backward,deuce back,ad deep
forehand-open-backward-deuce back-ad deep-4402.jpg,forehand,open,backward,deuce back,ad deep
forehand-open-backward-deuce back-ad deep-4710.jpg,forehand,open,backward,deuce back,ad deep
forehand-open-backward-deuce back-ad deep-5188.jpg,forehand,open,backward,deuce back,ad deep
forehand-open-backward-deuce back-ad deep-5935.jpg,forehand,open,backward,deuce back,ad deep
forehand-open-backward-deuce back-ad deep-597.jpg,forehand,open,backward,deuce back,ad deep
forehand-open-backward-deuce back-ad deep-6651.jpg,forehand,open,backward,deuce back,ad deep
forehand-open-backward-deuce back-ad deep-6699.jpg,forehand,open,backward,deuce back,ad deep
forehand-open-backward-deuce back-ad deep-7429.jpg,forehand,open,backward,deuce back,ad deep
forehand-open-backward-deuce back-ad deep-7837.jpg,forehand,open,backward,deuce back,ad deep
forehand-open-backward-deuce back-ad deep-824.jpg,forehand,open,backward,deuce back,ad deep
forehand-open-backward-deuce back-ad deep-9785.jpg,forehand,open,backward,deuce back,ad deep
forehand-open-backward-deuce back-ad deep-9901.jpg,forehand,open,backward,deuce back,ad deep
forehand-open-backward-deuce back-ad mid-1124.jpg,forehand,open,backward,deuce back,ad mid
forehand-open-backward-deuce back-ad mid-1519.jpg,forehand,open,backward,deuce back,ad mid
forehand-open-backward-deuce back-ad mid-1677.jpg,forehand,open,backward,deuce back,ad mid
forehand-open-backward-deuce back-ad mid-1910.jpg,forehand,open,backward,deuce back,ad mid
forehand-open-backward-deuce back-ad mid-1968.jpg,forehand,open,backward,deuce back,ad mid
forehand-open-backward-deuce back-ad mid-2036.jpg,forehand,open,backward,deuce back,ad mid
forehand-open-backward-deuce back-ad mid-212.jpg,forehand,open,backward,deuce back,ad mid
forehand-open-backward-deuce back-ad mid-2147.jpg,forehand,open,backward,deuce back,ad mid
forehand-open-backward-deuce back-ad mid-2362.jpg,forehand,open,backward,deuce back,ad mid
forehand-open-backward-deuce back-ad mid-2403.jpg,forehand,open,backward,deuce back,ad mid
forehand-open-backward-deuce back-ad mid-2432.jpg,forehand,open,backward,deuce back,ad mid
forehand-open-backward-deuce back-ad mid-2474.jpg,forehand,open,backward,deuce back,ad mid
forehand-open-backward-deuce back-ad mid-269.jpg,forehand,open,backward,deuce back,ad mid
forehand-open-backward-deuce back-ad mid-2880.jpg,forehand,open,backward,deuce back,ad mid
forehand-open-backward-deuce back-ad mid-2930.jpg,forehand,open,backward,deuce back,ad mid
forehand-open-backward-deuce back-ad mid-3048.jpg,forehand,open,backward,deuce back,ad mid
forehand-open-backward-deuce back-ad mid-3527.jpg,forehand,open,backward,deuce back,ad mid
forehand-open-backward-deuce back-ad mid-3730.jpg,forehand,open,backward,deuce back,ad mid
forehand-open-backward-deuce back-ad mid-382.jpg,forehand,open,backward,deuce back,ad mid
forehand-open-backward-deuce back-ad mid-4033.jpg,forehand,open,backward,deuce back,ad mid
forehand-open-backward-deuce back-ad mid-4234.jpg,forehand,open,backward,deuce back,ad mid
forehand-open-backward-deuce back-ad mid-4243.jpg,forehand,open,backward,deuce back,ad mid
forehand-open-backward-deuce back-ad mid-429.jpg,forehand,open,backward,deuce back,ad mid
forehand-open-backward-deuce back-ad mid-4329.jpg,forehand,open,backward,deuce back,ad mid
forehand-open-backward-deuce back-ad mid-4537.jpg,forehand,open,backward,deuce back,ad mid
forehand-open-backward-deuce back-ad mid-4633.jpg,forehand,open,backward,deuce back,ad mid
forehand-open-backward-deuce back-ad mid-4745.jpg,forehand,open,backward,deuce back,ad mid
forehand-open-backward-deuce back-ad mid-4843.jpg,forehand,open,backward,deuce back,ad mid
forehand-open-backward-deuce back-ad mid-5080.jpg,forehand,open,backward,deuce back,ad mid
forehand-open-backward-deuce back-ad mid-510.jpg,forehand,open,backward,deuce back,ad mid
forehand-open-backward-deuce back-ad mid-5153.jpg,forehand,open,backward,deuce back,ad mid
forehand-open-backward-deuce back-ad mid-5288.jpg,forehand,open,backward,deuce back,ad mid
forehand-open-backward-deuce back-ad mid-5369.jpg,forehand,open,backward,deuce back,ad mid
forehand-open-backward-deuce back-ad mid-5403.jpg,forehand,open,backward,deuce back,ad mid
forehand-open-backward-deuce back-ad mid-5646.jpg,forehand,open,backward,deuce back,ad mid
forehand-open-backward-deuce back-ad mid-5671.jpg,forehand,open,backward,deuce back,ad mid
forehand-open-backward-deuce back-ad mid-5774.jpg,forehand,open,backward,deuce back,ad mid
forehand-open-backward-deuce back-ad mid-5844.jpg,forehand,open,backward,deuce back,ad mid
forehand-open-backward-deuce back-ad mid-5865.jpg,forehand,open,backward,deuce back,ad mid
forehand-open-backward-deuce back-ad mid-5975.jpg,forehand,open,backward,deuce back,ad mid
forehand-open-backward-deuce back-ad mid-602.jpg,forehand,open,backward,deuce back,ad mid
forehand-open-backward-deuce back-ad mid-6060.jpg,forehand,open,backward,deuce back,ad mid
forehand-open-backward-deuce back-ad mid-6186.jpg,forehand,open,backward,deuce back,ad mid
forehand-open-backward-deuce back-ad mid-6257.jpg,forehand,open,backward,deuce back,ad mid
forehand-open-backward-deuce back-ad mid-6336.jpg,forehand,open,backward,deuce back,ad mid
forehand-open-backward-deuce back-ad mid-6390.jpg,forehand,open,backward,deuce back,ad mid
forehand-open-backward-deuce back-ad mid-6448.jpg,forehand,open,backward,deuce back,ad mid
forehand-open-backward-deuce back-ad mid-650.jpg,forehand,open,backward,deuce back,ad mid
forehand-open-backward-deuce back-ad mid-6541.jpg,forehand,open,backward,deuce back,ad mid
forehand-open-backward-deuce back-ad mid-6551.jpg,forehand,open,backward,deuce back,ad mid
forehand-open-backward-deuce back-ad mid-672.jpg,forehand,open,backward,deuce back,ad mid
forehand-open-backward-deuce back-ad mid-6901.jpg,forehand,open,backward,deuce back,ad mid
forehand-open-backward-deuce back-ad mid-6914.jpg,forehand,open,backward,deuce back,ad mid
forehand-open-backward-deuce back-ad mid-6933.jpg,forehand,open,backward,deuce back,ad mid
forehand-open-backward-deuce back-ad mid-6954.jpg,forehand,open,backward,deuce back,ad mid
forehand-open-backward-deuce back-ad mid-6973.jpg,forehand,open,backward,deuce back,ad mid
forehand-open-backward-deuce back-ad mid-7143.jpg,forehand,open,backward,deuce back,ad mid
forehand-open-backward-deuce back-ad mid-7217.jpg,forehand,open,backward,deuce back,ad mid
forehand-open-backward-deuce back-ad mid-7249.jpg,forehand,open,backward,deuce back,ad mid
forehand-open-backward-deuce back-ad mid-7287.jpg,forehand,open,backward,deuce back,ad mid
forehand-open-backward-deuce back-ad mid-7299.jpg,forehand,open,backward,deuce back,ad mid
forehand-open-backward-deuce back-ad mid-7352.jpg,forehand,open,backward,deuce back,ad mid
forehand-open-backward-deuce back-ad mid-7607.jpg,forehand,open,backward,deuce back,ad mid
forehand-open-backward-deuce back-ad mid-7758.jpg,forehand,open,backward,deuce back,ad mid
forehand-open-backward-deuce back-ad mid-7919.jpg,forehand,open,backward,deuce back,ad mid
forehand-open-backward-deuce back-ad mid-7987.jpg,forehand,open,backward,deuce back,ad mid
forehand-open-backward-deuce back-ad mid-8140.jpg,forehand,open,backward,deuce back,ad mid
forehand-open-backward-deuce back-ad mid-8207.jpg,forehand,open,backward,deuce back,ad mid
forehand-open-backward-deuce back-ad mid-8414.jpg,forehand,open,backward,deuce back,ad mid
forehand-open-backward-deuce back-ad mid-8863.jpg,forehand,open,backward,deuce back,ad mid
forehand-open-backward-deuce back-ad mid-9001.jpg,forehand,open,backward,deuce back,ad mid
forehand-open-backward-deuce back-ad mid-9096.jpg,forehand,open,backward,deuce back,ad mid
forehand-open-backward-deuce back-ad mid-918.jpg,forehand,open,backward,deuce back,ad mid
forehand-open-backward-deuce back-ad mid-9419.jpg,forehand,open,backward,deuce back,ad mid
forehand-open-backward-deuce back-ad mid-9459.jpg,forehand,open,backward,deuce back,ad mid
forehand-open-backward-deuce back-ad mid-9731.jpg,forehand,open,backward,deuce back,ad mid
forehand-open-backward-deuce back-ad mid-9819.jpg,forehand,open,backward,deuce back,ad mid
forehand-open-backward-deuce back-ad mid-9863.jpg,forehand,open,backward,deuce back,ad mid
forehand-open-backward-deuce back-ad mid-9879.jpg,forehand,open,backward,deuce back,ad mid
forehand-open-backward-deuce back-ad mid-9885.jpg,forehand,open,backward,deuce back,ad mid
forehand-open-backward-deuce back-deuce deep-1198.jpg,forehand,open,backward,deuce back,deuce deep
forehand-open-backward-deuce back-deuce deep-1397.jpg,forehand,open,backward,deuce back,deuce deep
forehand-open-backward-deuce back-deuce deep-1692.jpg,forehand,open,backward,deuce back,deuce deep
forehand-open-backward-deuce back-deuce deep-1732.jpg,forehand,open,backward,deuce back,deuce deep
forehand-open-backward-deuce back-deuce deep-2220.jpg,forehand,open,backward,deuce back,deuce deep
forehand-open-backward-deuce back-deuce deep-2298.jpg,forehand,open,backward,deuce back,deuce deep
forehand-open-backward-deuce back-deuce deep-2665.jpg,forehand,open,backward,deuce back,deuce deep
forehand-open-backward-deuce back-deuce deep-2794.jpg,forehand,open,backward,deuce back,deuce deep
forehand-open-backward-deuce back-deuce deep-2798.jpg,forehand,open,backward,deuce back,deuce deep
forehand-open-backward-deuce back-deuce deep-2836.jpg,forehand,open,backward,deuce back,deuce deep
forehand-open-backward-deuce back-deuce deep-3715.jpg,forehand,open,backward,deuce back,deuce deep
forehand-open-backward-deuce back-deuce deep-3748.jpg,forehand,open,backward,deuce back,deuce deep
forehand-open-backward-deuce back-deuce deep-3768.jpg,forehand,open,backward,deuce back,deuce deep
forehand-open-backward-deuce back-deuce deep-3911.jpg,forehand,open,backward,deuce back,deuce deep
forehand-open-backward-deuce back-deuce deep-3948.jpg,forehand,open,backward,deuce back,deuce deep
forehand-open-backward-deuce back-deuce deep-4031.jpg,forehand,open,backward,deuce back,deuce deep
forehand-open-backward-deuce back-deuce deep-4115.jpg,forehand,open,backward,deuce back,deuce deep
forehand-open-backward-deuce back-deuce deep-414.jpg,forehand,open,backward,deuce back,deuce deep
forehand-open-backward-deuce back-deuce deep-4176.jpg,forehand,open,backward,deuce back,deuce deep
forehand-open-backward-deuce back-deuce deep-4248.jpg,forehand,open,backward,deuce back,deuce deep
forehand-open-backward-deuce back-deuce deep-4252.jpg,forehand,open,backward,deuce back,deuce deep
forehand-open-backward-deuce back-deuce deep-4660.jpg,forehand,open,backward,deuce back,deuce deep
forehand-open-backward-deuce back-deuce deep-4883.jpg,forehand,open,backward,deuce back,deuce deep
forehand-open-backward-deuce back-deuce deep-4896.jpg,forehand,open,backward,deuce back,deuce deep
forehand-open-backward-deuce back-deuce deep-5285.jpg,forehand,open,backward,deuce back,deuce deep
forehand-open-backward-deuce back-deuce deep-5837.jpg,forehand,open,backward,deuce back,deuce deep
forehand-open-backward-deuce back-deuce deep-597.jpg,forehand,open,backward,deuce back,deuce deep
forehand-open-backward-deuce back-deuce deep-6330.jpg,forehand,open,backward,deuce back,deuce deep
forehand-open-backward-deuce back-deuce deep-6336.jpg,forehand,open,backward,deuce back,deuce deep
forehand-open-backward-deuce back-deuce deep-6888.jpg,forehand,open,backward,deuce back,deuce deep
forehand-open-backward-deuce back-deuce deep-7084.jpg,forehand,open,backward,deuce back,deuce deep
forehand-open-backward-deuce back-deuce deep-7317.jpg,forehand,open,backward,deuce back,deuce deep
forehand-open-backward-deuce back-deuce deep-7680.jpg,forehand,open,backward,deuce back,deuce deep
forehand-open-backward-deuce back-deuce deep-7794.jpg,forehand,open,backward,deuce back,deuce deep
forehand-open-backward-deuce back-deuce deep-7979.jpg,forehand,open,backward,deuce back,deuce deep
forehand-open-backward-deuce back-deuce deep-8084.jpg,forehand,open,backward,deuce back,deuce deep
forehand-open-backward-deuce back-deuce deep-8386.jpg,forehand,open,backward,deuce back,deuce deep
forehand-open-backward-deuce back-deuce deep-8436.jpg,forehand,open,backward,deuce back,deuce deep
forehand-open-backward-deuce back-deuce deep-851.jpg,forehand,open,backward,deuce back,deuce deep
forehand-open-backward-deuce back-deuce deep-8557.jpg,forehand,open,backward,deuce back,deuce deep
forehand-open-backward-deuce back-deuce deep-864.jpg,forehand,open,backward,deuce back,deuce deep
forehand-open-backward-deuce back-deuce deep-8887.jpg,forehand,open,backward,deuce back,deuce deep
forehand-open-backward-deuce back-deuce deep-901.jpg,forehand,open,backward,deuce back,deuce deep
forehand-open-backward-deuce back-deuce deep-909.jpg,forehand,open,backward,deuce back,deuce deep
forehand-open-backward-deuce back-deuce deep-9158.jpg,forehand,open,backward,deuce back,deuce deep
forehand-open-backward-deuce back-deuce deep-9625.jpg,forehand,open,backward,deuce back,deuce deep
forehand-open-backward-deuce back-deuce deep-9628.jpg,forehand,open,backward,deuce back,deuce deep
forehand-open-backward-deuce back-deuce deep-981.jpg,forehand,open,backward,deuce back,deuce deep
forehand-open-backward-deuce back-deuce deep-9869.jpg,forehand,open,backward,deuce back,deuce deep
forehand-open-backward-deuce back-deuce deep-991.jpg,forehand,open,backward,deuce back,deuce deep
forehand-open-forward-body back-ad deep-1027.jpg,forehand,open,forward,body back,ad deep
forehand-open-forward-body back-ad deep-1150.jpg,forehand,open,forward,body back,ad deep
forehand-open-forward-body back-ad deep-1326.jpg,forehand,open,forward,body back,ad deep
forehand-open-forward-body back-ad deep-1409.jpg,forehand,open,forward,body back,ad deep
forehand-open-forward-body back-ad deep-1549.jpg,forehand,open,forward,body back,ad deep
forehand-open-forward-body back-ad deep-1577.jpg,forehand,open,forward,body back,ad deep
forehand-open-forward-body back-ad deep-1610.jpg,forehand,open,forward,body back,ad deep
forehand-open-forward-body back-ad deep-1777.jpg,forehand,open,forward,body back,ad deep
forehand-open-forward-body back-ad deep-1817.jpg,forehand,open,forward,body back,ad deep
forehand-open-forward-body back-ad deep-188.jpg,forehand,open,forward,body back,ad deep
forehand-open-forward-body back-ad deep-2092.jpg,forehand,open,forward,body back,ad deep
forehand-open-forward-body back-ad deep-2343.jpg,forehand,open,forward,body back,ad deep
forehand-open-forward-body back-ad deep-2448.jpg,forehand,open,forward,body back,ad deep
forehand-open-forward-body back-ad deep-309.jpg,forehand,open,forward,body back,ad deep
forehand-open-forward-body back-ad deep-3204.jpg,forehand,open,forward,body back,ad deep
forehand-open-forward-body back-ad deep-3247.jpg,forehand,open,forward,body back,ad deep
forehand-open-forward-body back-ad deep-3326.jpg,forehand,open,forward,body back,ad deep
forehand-open-forward-body back-ad deep-3693.jpg,forehand,open,forward,body back,ad deep
forehand-open-forward-body back-ad deep-3755.jpg,forehand,open,forward,body back,ad deep
forehand-open-forward-body back-ad deep-441.jpg,forehand,open,forward,body back,ad deep
forehand-open-forward-body back-ad deep-4474.jpg,forehand,open,forward,body back,ad deep
forehand-open-forward-body back-ad deep-4488.jpg,forehand,open,forward,body back,ad deep
forehand-open-forward-body back-ad deep-4530.jpg,forehand,open,forward,body back,ad deep
forehand-open-forward-body back-ad deep-4551.jpg,forehand,open,forward,body back,ad deep
forehand-open-forward-body back-ad deep-5575.jpg,forehand,open,forward,body back,ad deep
forehand-open-forward-body back-ad deep-5962.jpg,forehand,open,forward,body back,ad deep
forehand-open-forward-body back-ad deep-602.jpg,forehand,open,forward,body back,ad deep
forehand-open-forward-body back-ad deep-6227.jpg,forehand,open,forward,body back,ad deep
forehand-open-forward-body back-ad deep-6643.jpg,forehand,open,forward,body back,ad deep
forehand-open-forward-body back-ad deep-6956.jpg,forehand,open,forward,body back,ad deep
forehand-open-forward-body back-ad deep-7123.jpg,forehand,open,forward,body back,ad deep
forehand-open-forward-body back-ad deep-7230.jpg,forehand,open,forward,body back,ad deep
forehand-open-forward-body back-ad deep-7379.jpg,forehand,open,forward,body back,ad deep
forehand-open-forward-body back-ad deep-7593.jpg,forehand,open,forward,body back,ad deep
forehand-open-forward-body back-ad deep-7734.jpg,forehand,open,forward,body back,ad deep
forehand-open-forward-body back-ad deep-8012.jpg,forehand,open,forward,body back,ad deep
forehand-open-forward-body back-ad deep-82.jpg,forehand,open,forward,body back,ad deep
forehand-open-forward-body back-ad deep-8212.jpg,forehand,open,forward,body back,ad deep
forehand-open-forward-body back-ad deep-8596.jpg,forehand,open,forward,body back,ad deep
forehand-open-forward-body back-ad deep-874.jpg,forehand,open,forward,body back,ad deep
forehand-open-forward-body back-ad deep-8780.jpg,forehand,open,forward,body back,ad deep
forehand-open-forward-body back-ad deep-8858.jpg,forehand,open,forward,body back,ad deep
forehand-open-forward-body back-ad deep-9195.jpg,forehand,open,forward,body back,ad deep
forehand-open-forward-body back-ad deep-944.jpg,forehand,open,forward,body back,ad deep
